version,m,n,j,RTj,gaps,steps,Î¼s,r1,c1,j1,r2,c2,j2,r3,c3,j3
gapenum1,1,3,1,22,4,33,6,0,9,54,0,8,50,0,5,46
gapenum2,1,3,1,22,1,11,3,0,9,54,0,8,50,0,5,46
gapenum1,2,3,1,20,4,33,4,0,8,57,0,7,54,0,5,42
gapenum2,2,3,1,20,2,12,3,0,8,57,0,7,54,0,5,42
gapenum1,3,3,1,17,5,33,4,0,8,54,0,4,46,0,5,42
gapenum2,3,3,1,17,2,12,3,0,8,54,0,4,46,0,5,42
gapenum1,4,3,1,20,4,21,3,0,5,56,0,6,56,0,9,42
gapenum2,4,3,1,20,2,9,3,0,5,56,0,6,56,0,9,42
gapenum1,5,3,1,17,4,33,3,0,5,58,0,8,52,0,4,43
gapenum2,5,3,1,17,2,12,2,0,5,58,0,8,52,0,4,43
gapenum1,6,3,1,19,3,19,3,0,5,54,0,8,49,0,6,48
gapenum2,6,3,1,19,1,7,2,0,5,54,0,8,49,0,6,48
gapenum1,7,3,1,18,3,22,3,0,6,57,0,4,51,0,8,51
gapenum2,7,3,1,18,1,7,2,0,6,57,0,4,51,0,8,51
gapenum1,8,3,1,17,4,33,3,0,5,49,0,7,48,0,5,41
gapenum2,8,3,1,17,2,12,3,0,5,49,0,7,48,0,5,41
gapenum1,9,3,1,23,3,22,3,0,8,42,0,8,41,0,7,40
gapenum2,9,3,1,23,1,7,2,0,8,42,0,8,41,0,7,40
gapenum1,10,3,1,18,4,33,3,0,5,51,0,6,44,0,7,41
gapenum2,10,3,1,18,1,11,2,0,5,51,0,6,44,0,7,41
gapenum1,11,3,1,21,5,33,4,0,9,58,0,4,46,0,8,40
gapenum2,11,3,1,21,2,12,3,0,9,58,0,4,46,0,8,40
gapenum1,12,3,1,22,4,33,3,0,7,55,0,8,44,0,7,43
gapenum2,12,3,1,22,1,11,2,0,7,55,0,8,44,0,7,43
gapenum1,13,3,1,17,3,22,3,0,7,53,0,4,50,0,6,50
gapenum2,13,3,1,17,1,7,2,0,7,53,0,4,50,0,6,50
gapenum1,14,3,1,21,4,33,3,0,7,58,0,7,52,0,7,45
gapenum2,14,3,1,21,1,11,2,0,7,58,0,7,52,0,7,45
gapenum1,15,3,1,20,5,33,4,0,7,59,0,4,46,0,9,44
gapenum2,15,3,1,20,2,12,3,0,7,59,0,4,46,0,9,44
gapenum1,16,3,1,26,4,33,3,0,9,59,0,9,57,0,8,48
gapenum2,16,3,1,26,2,12,2,0,9,59,0,9,57,0,8,48
gapenum1,17,3,1,20,4,33,3,0,6,55,0,8,47,0,6,42
gapenum2,17,3,1,20,1,11,2,0,6,55,0,8,47,0,6,42
gapenum1,18,3,1,19,3,22,3,0,6,52,0,6,51,0,7,49
gapenum2,18,3,1,19,1,7,2,0,6,52,0,6,51,0,7,49
gapenum1,19,3,1,21,4,33,3,0,6,57,0,8,54,0,7,49
gapenum2,19,3,1,21,1,11,2,0,6,57,0,8,54,0,7,49
gapenum1,20,3,1,22,4,33,3,0,9,51,0,6,47,0,7,43
gapenum2,20,3,1,22,1,11,2,0,9,51,0,6,47,0,7,43
gapenum1,21,3,1,24,3,22,3,0,8,49,0,8,47,0,8,42
gapenum2,21,3,1,24,1,7,2,0,8,49,0,8,47,0,8,42
gapenum1,22,3,1,20,3,22,3,0,7,49,0,6,48,0,7,47
gapenum2,22,3,1,20,1,7,2,0,7,49,0,6,48,0,7,47
gapenum1,23,3,1,21,4,33,3,0,4,53,0,9,51,0,8,44
gapenum2,23,3,1,21,1,11,2,0,4,53,0,9,51,0,8,44
gapenum1,24,3,1,22,4,33,3,0,9,57,0,5,46,0,8,46
gapenum2,24,3,1,22,1,11,2,0,9,57,0,5,46,0,8,46
gapenum1,25,3,1,18,3,22,3,0,4,54,0,6,52,0,8,51
gapenum2,25,3,1,18,1,7,2,0,4,54,0,6,52,0,8,51
gapenum1,26,3,1,16,4,33,3,0,4,57,0,6,47,0,6,46
gapenum2,26,3,1,16,1,11,2,0,4,57,0,6,47,0,6,46
gapenum1,27,3,1,19,3,17,3,0,5,45,0,6,45,0,8,43
gapenum2,27,3,1,19,1,6,2,0,5,45,0,6,45,0,8,43
gapenum1,28,3,1,18,4,28,3,0,4,54,0,7,43,0,7,40
gapenum2,28,3,1,18,1,11,2,0,4,54,0,7,43,0,7,40
gapenum1,29,3,1,20,4,33,3,0,5,58,0,6,54,0,9,41
gapenum2,29,3,1,20,2,12,3,0,5,58,0,6,54,0,9,41
gapenum1,30,3,1,15,4,33,3,0,5,59,0,4,56,0,6,51
gapenum2,30,3,1,15,1,11,2,0,5,59,0,4,56,0,6,51
gapenum1,31,3,1,23,3,22,3,0,8,50,0,7,49,0,8,47
gapenum2,31,3,1,23,1,7,2,0,8,50,0,7,49,0,8,47
gapenum1,32,3,1,23,4,33,3,0,8,52,0,9,47,0,6,42
gapenum2,32,3,1,23,1,11,2,0,8,52,0,9,47,0,6,42
gapenum1,33,3,1,14,5,33,4,0,4,56,0,4,47,0,6,43
gapenum2,33,3,1,14,2,12,3,0,4,56,0,4,47,0,6,43
gapenum1,34,3,1,19,4,21,3,0,6,53,0,9,53,0,4,48
gapenum2,34,3,1,19,2,9,3,0,6,53,0,9,53,0,4,48
gapenum1,35,3,1,20,4,28,3,0,8,53,0,6,47,0,6,41
gapenum2,35,3,1,20,1,11,2,0,8,53,0,6,47,0,6,41
gapenum1,36,3,1,20,3,22,3,0,8,48,0,4,47,0,8,41
gapenum2,36,3,1,20,1,7,2,0,8,48,0,4,47,0,8,41
gapenum1,37,3,1,23,3,22,3,0,7,57,0,7,54,0,9,54
gapenum2,37,3,1,23,1,7,2,0,7,57,0,7,54,0,9,54
gapenum1,38,3,1,20,3,19,3,0,9,50,0,4,43,0,7,43
gapenum2,38,3,1,20,1,7,2,0,9,50,0,4,43,0,7,43
gapenum1,39,3,1,18,4,33,3,0,5,53,0,7,47,0,6,46
gapenum2,39,3,1,18,1,11,2,0,5,53,0,7,47,0,6,46
gapenum1,40,3,1,16,5,33,4,0,4,58,0,5,45,0,7,45
gapenum2,40,3,1,16,2,12,3,0,4,58,0,5,45,0,7,45
gapenum1,41,3,1,22,3,22,3,0,9,44,0,5,43,0,8,43
gapenum2,41,3,1,22,1,7,2,0,9,44,0,5,43,0,8,43
gapenum1,42,3,1,22,4,28,3,0,8,56,0,8,48,0,6,42
gapenum2,42,3,1,22,1,11,2,0,8,56,0,8,48,0,6,42
gapenum1,43,3,1,22,4,33,3,0,9,53,0,8,48,0,5,46
gapenum2,43,3,1,22,1,11,2,0,9,53,0,8,48,0,5,46
gapenum1,44,3,1,15,4,33,3,0,5,49,0,6,47,0,4,41
gapenum2,44,3,1,15,2,12,3,0,5,49,0,6,47,0,4,41
gapenum1,45,3,1,23,4,28,3,0,7,59,0,8,51,0,8,42
gapenum2,45,3,1,23,2,12,3,0,7,59,0,8,51,0,8,42
gapenum1,46,3,1,22,4,33,3,0,8,58,0,7,55,0,7,44
gapenum2,46,3,1,22,2,12,3,0,8,58,0,7,55,0,7,44
gapenum1,47,3,1,16,3,19,3,0,6,45,0,6,44,0,4,41
gapenum2,47,3,1,16,1,7,2,0,6,45,0,6,44,0,4,41
gapenum1,48,3,1,19,4,33,3,0,5,57,0,7,45,0,7,44
gapenum2,48,3,1,19,1,11,2,0,5,57,0,7,45,0,7,44
gapenum1,49,3,1,15,5,33,4,0,5,58,0,6,43,0,4,42
gapenum2,49,3,1,15,2,12,3,0,5,58,0,6,43,0,4,42
gapenum1,50,3,1,16,5,33,4,0,4,58,0,6,42,0,6,40
gapenum2,50,3,1,16,2,12,3,0,4,58,0,6,42,0,6,40
gapenum1,51,3,1,20,4,33,3,0,6,49,0,9,43,0,5,42
gapenum2,51,3,1,20,1,11,2,0,6,49,0,9,43,0,5,42
gapenum1,52,3,1,16,3,22,3,0,4,54,0,6,51,0,6,50
gapenum2,52,3,1,16,1,7,2,0,4,54,0,6,51,0,6,50
gapenum1,53,3,1,17,4,33,3,0,6,59,0,6,57,0,5,41
gapenum2,53,3,1,17,2,12,3,0,6,59,0,6,57,0,5,41
gapenum1,54,3,1,20,4,33,3,0,8,51,0,8,50,0,4,44
gapenum2,54,3,1,20,2,12,3,0,8,51,0,8,50,0,4,44
gapenum1,55,3,1,22,4,33,3,0,9,58,0,8,53,0,5,42
gapenum2,55,3,1,22,2,12,2,0,9,58,0,8,53,0,5,42
gapenum1,56,3,1,20,4,33,3,0,5,55,0,7,53,0,8,41
gapenum2,56,3,1,20,2,12,2,0,5,55,0,7,53,0,8,41
gapenum1,57,3,1,18,3,22,3,0,5,48,0,4,46,0,9,40
gapenum2,57,3,1,18,1,7,2,0,5,48,0,4,46,0,9,40
gapenum1,58,3,1,18,4,33,3,0,5,57,0,8,55,0,5,51
gapenum2,58,3,1,18,1,11,2,0,5,57,0,8,55,0,5,51
gapenum1,59,3,1,17,3,22,3,0,8,58,0,4,54,0,5,54
gapenum2,59,3,1,17,1,7,2,0,8,58,0,4,54,0,5,54
gapenum1,60,3,1,16,4,33,3,0,5,56,0,5,52,0,6,43
gapenum2,60,3,1,16,2,12,3,0,5,56,0,5,52,0,6,43
gapenum1,61,3,1,20,3,22,3,0,4,50,0,8,45,0,8,44
gapenum2,61,3,1,20,1,7,2,0,4,50,0,8,45,0,8,44
gapenum1,62,3,1,20,5,33,4,0,8,56,0,6,47,0,6,43
gapenum2,62,3,1,20,2,12,3,0,8,56,0,6,47,0,6,43
gapenum1,63,3,1,23,3,22,3,0,8,48,0,8,44,0,7,42
gapenum2,63,3,1,23,1,7,2,0,8,48,0,8,44,0,7,42
gapenum1,64,3,1,19,4,33,3,0,7,53,0,8,49,0,4,41
gapenum2,64,3,1,19,2,12,3,0,7,53,0,8,49,0,4,41
gapenum1,65,3,1,21,3,19,3,0,7,47,0,7,46,0,7,40
gapenum2,65,3,1,21,1,7,2,0,7,47,0,7,46,0,7,40
gapenum1,66,3,1,20,3,22,3,0,4,48,0,8,44,0,8,42
gapenum2,66,3,1,20,1,7,2,0,4,48,0,8,44,0,8,42
gapenum1,67,3,1,18,4,33,3,0,5,51,0,4,42,0,9,41
gapenum2,67,3,1,18,1,11,2,0,5,51,0,4,42,0,9,41
gapenum1,68,3,1,21,4,28,3,0,8,59,0,4,52,0,9,46
gapenum2,68,3,1,21,1,11,2,0,8,59,0,4,52,0,9,46
gapenum1,69,3,1,17,5,33,4,0,6,59,0,5,43,0,6,41
gapenum2,69,3,1,17,2,12,3,0,6,59,0,5,43,0,6,41
gapenum1,70,3,1,20,4,33,3,0,6,58,0,7,53,0,7,42
gapenum2,70,3,1,20,2,12,3,0,6,58,0,7,53,0,7,42
gapenum1,71,3,1,22,4,33,3,0,7,52,0,7,40,0,8,40
gapenum2,71,3,1,22,1,11,2,0,7,52,0,7,40,0,8,40
gapenum1,72,3,1,18,4,33,3,0,4,55,0,8,49,0,6,44
gapenum2,72,3,1,18,1,11,2,0,4,55,0,8,49,0,6,44
gapenum1,73,3,1,20,3,22,3,0,4,57,0,7,55,0,9,49
gapenum2,73,3,1,20,1,7,2,0,4,57,0,7,55,0,9,49
gapenum1,74,3,1,17,5,33,4,0,9,56,0,4,49,0,4,46
gapenum2,74,3,1,17,2,12,3,0,9,56,0,4,49,0,4,46
gapenum1,75,3,1,21,3,22,3,0,7,50,0,5,44,0,9,43
gapenum2,75,3,1,21,1,7,2,0,7,50,0,5,44,0,9,43
gapenum1,76,3,1,22,3,22,3,0,5,59,0,8,56,0,9,52
gapenum2,76,3,1,22,1,7,2,0,5,59,0,8,56,0,9,52
gapenum1,77,3,1,24,4,33,3,0,9,53,0,6,42,0,9,41
gapenum2,77,3,1,24,1,11,15,0,9,53,0,6,42,0,9,41
gapenum1,78,3,1,19,4,21,3,0,7,54,0,8,54,0,4,41
gapenum2,78,3,1,19,2,9,2,0,7,54,0,8,54,0,4,41
gapenum1,79,3,1,18,4,21,3,0,6,58,0,7,58,0,5,45
gapenum2,79,3,1,18,2,9,2,0,6,58,0,7,58,0,5,45
gapenum1,80,3,1,18,4,33,3,0,5,57,0,9,53,0,4,44
gapenum2,80,3,1,18,2,12,2,0,5,57,0,9,53,0,4,44
gapenum1,81,3,1,24,4,33,3,0,8,54,0,8,43,0,8,41
gapenum2,81,3,1,24,1,11,2,0,8,54,0,8,43,0,8,41
gapenum1,82,3,1,19,5,33,3,0,9,59,0,5,48,0,5,47
gapenum2,82,3,1,19,2,12,2,0,9,59,0,5,48,0,5,47
gapenum1,83,3,1,20,4,33,3,0,8,45,0,8,42,0,4,40
gapenum2,83,3,1,20,1,11,2,0,8,45,0,8,42,0,4,40
gapenum1,84,3,1,25,4,33,3,0,8,59,0,9,46,0,8,44
gapenum2,84,3,1,25,1,11,2,0,8,59,0,9,46,0,8,44
gapenum1,85,3,1,19,3,17,3,0,4,53,0,9,53,0,6,52
gapenum2,85,3,1,19,1,6,2,0,4,53,0,9,53,0,6,52
gapenum1,86,3,1,15,3,19,3,0,5,53,0,6,52,0,4,49
gapenum2,86,3,1,15,1,7,2,0,5,53,0,6,52,0,4,49
gapenum1,87,3,1,21,5,33,3,0,8,58,0,4,45,0,9,44
gapenum2,87,3,1,21,2,12,2,0,8,58,0,4,45,0,9,44
gapenum1,88,3,1,17,3,17,3,0,4,56,0,4,56,0,9,50
gapenum2,88,3,1,17,1,6,2,0,4,56,0,4,56,0,9,50
gapenum1,89,3,1,21,4,33,3,0,6,56,0,7,50,0,8,43
gapenum2,89,3,1,21,1,11,2,0,6,56,0,7,50,0,8,43
gapenum1,90,3,1,19,4,33,3,0,5,50,0,6,48,0,8,40
gapenum2,90,3,1,19,1,11,2,0,5,50,0,6,48,0,8,40
gapenum1,91,3,1,13,4,33,3,0,4,54,0,5,53,0,4,46
gapenum2,91,3,1,13,2,12,2,0,4,54,0,5,53,0,4,46
gapenum1,92,3,1,23,3,17,3,0,7,59,0,8,59,0,8,55
gapenum2,92,3,1,23,1,6,2,0,7,59,0,8,59,0,8,55
gapenum1,93,3,1,17,3,17,3,0,6,54,0,6,54,0,5,51
gapenum2,93,3,1,17,1,6,2,0,6,54,0,6,54,0,5,51
gapenum1,94,3,1,20,4,33,3,0,5,50,0,7,41,0,8,40
gapenum2,94,3,1,20,1,11,2,0,5,50,0,7,41,0,8,40
gapenum1,95,3,1,21,3,22,3,0,8,55,0,7,52,0,6,51
gapenum2,95,3,1,21,1,7,2,0,8,55,0,7,52,0,6,51
gapenum1,96,3,1,19,5,33,3,0,6,59,0,4,52,0,9,42
gapenum2,96,3,1,19,3,16,3,0,6,59,0,4,52,0,9,42
gapenum1,97,3,1,23,3,22,3,0,6,59,0,9,58,0,8,57
gapenum2,97,3,1,23,1,7,2,0,6,59,0,9,58,0,8,57
gapenum1,98,3,1,20,4,21,3,0,4,53,0,7,53,0,9,41
gapenum2,98,3,1,20,2,9,2,0,4,53,0,7,53,0,9,41
gapenum1,99,3,1,21,3,11,3,0,5,42,0,8,42,0,8,42
gapenum2,99,3,1,21,1,5,2,0,5,42,0,8,42,0,8,42
gapenum1,100,3,1,19,5,33,3,0,6,57,0,6,50,0,7,43
gapenum2,100,3,1,19,2,12,2,0,6,57,0,6,50,0,7,43
gapenum1,101,3,1,16,4,33,3,0,5,55,0,7,52,0,4,50
gapenum2,101,3,1,16,1,11,2,0,5,55,0,7,52,0,4,50
gapenum1,102,3,1,25,4,33,3,0,8,55,0,9,48,0,8,43
gapenum2,102,3,1,25,1,11,2,0,8,55,0,9,48,0,8,43
gapenum1,103,3,1,23,4,33,3,0,8,53,0,9,48,0,6,46
gapenum2,103,3,1,23,1,11,2,0,8,53,0,9,48,0,6,46
gapenum1,104,3,1,20,4,33,3,0,8,55,0,8,49,0,4,40
gapenum2,104,3,1,20,2,12,2,0,8,55,0,8,49,0,4,40
gapenum1,105,3,1,22,4,33,3,0,9,56,0,5,48,0,8,46
gapenum2,105,3,1,22,1,11,2,0,9,56,0,5,48,0,8,46
gapenum1,106,3,1,16,3,17,3,0,4,55,0,5,55,0,7,49
gapenum2,106,3,1,16,1,6,2,0,4,55,0,5,55,0,7,49
gapenum1,107,3,1,14,4,33,3,0,5,59,0,4,57,0,5,48
gapenum2,107,3,1,14,2,12,2,0,5,59,0,4,57,0,5,48
gapenum1,108,3,1,17,5,33,3,0,6,57,0,7,45,0,4,43
gapenum2,108,3,1,17,2,12,2,0,6,57,0,7,45,0,4,43
gapenum1,109,3,1,13,4,33,3,0,4,57,0,5,53,0,4,46
gapenum2,109,3,1,13,2,12,2,0,4,57,0,5,53,0,4,46
gapenum1,110,3,1,21,4,33,3,0,7,49,0,8,44,0,6,40
gapenum2,110,3,1,21,1,11,2,0,7,49,0,8,44,0,6,40
gapenum1,111,3,1,22,4,33,3,0,9,55,0,5,46,0,8,43
gapenum2,111,3,1,22,1,11,2,0,9,55,0,5,46,0,8,43
gapenum1,112,3,1,19,4,21,3,0,6,59,0,8,59,0,5,47
gapenum2,112,3,1,19,2,9,2,0,6,59,0,8,59,0,5,47
gapenum1,113,3,1,23,4,33,3,0,9,58,0,7,56,0,7,42
gapenum2,113,3,1,23,2,12,2,0,9,58,0,7,56,0,7,42
gapenum1,114,3,1,17,4,33,3,0,9,57,0,4,54,0,4,41
gapenum2,114,3,1,17,2,12,2,0,9,57,0,4,54,0,4,41
gapenum1,115,3,1,20,4,21,3,0,4,56,0,8,56,0,8,42
gapenum2,115,3,1,20,2,9,2,0,4,56,0,8,56,0,8,42
gapenum1,116,3,1,24,3,22,3,0,6,57,0,9,56,0,9,51
gapenum2,116,3,1,24,1,7,2,0,6,57,0,9,56,0,9,51
gapenum1,117,3,1,21,4,33,3,0,5,52,0,9,49,0,7,44
gapenum2,117,3,1,21,1,11,2,0,5,52,0,9,49,0,7,44
gapenum1,118,3,1,23,3,22,3,0,8,59,0,6,57,0,9,53
gapenum2,118,3,1,23,1,7,2,0,8,59,0,6,57,0,9,53
gapenum1,119,3,1,23,4,33,3,0,8,54,0,6,51,0,9,44
gapenum2,119,3,1,23,1,11,2,0,8,54,0,6,51,0,9,44
gapenum1,120,3,1,23,3,22,3,0,9,58,0,5,51,0,9,50
gapenum2,120,3,1,23,1,7,2,0,9,58,0,5,51,0,9,50
gapenum1,121,3,1,23,4,28,3,0,6,59,0,8,46,0,9,42
gapenum2,121,3,1,23,1,11,2,0,6,59,0,8,46,0,9,42
gapenum1,122,3,1,19,3,22,3,0,6,59,0,4,57,0,9,56
gapenum2,122,3,1,19,1,7,2,0,6,59,0,4,57,0,9,56
gapenum1,123,3,1,20,4,28,3,0,8,56,0,4,44,0,8,44
gapenum2,123,3,1,20,1,11,2,0,8,56,0,4,44,0,8,44
gapenum1,124,3,1,24,3,22,3,0,8,52,0,9,50,0,7,49
gapenum2,124,3,1,24,1,7,2,0,8,52,0,9,50,0,7,49
gapenum1,125,3,1,25,4,33,3,0,8,59,0,8,52,0,9,47
gapenum2,125,3,1,25,1,11,2,0,8,59,0,8,52,0,9,47
gapenum1,126,3,1,15,4,33,3,0,5,51,0,4,47,0,6,42
gapenum2,126,3,1,15,1,11,2,0,5,51,0,4,47,0,6,42
gapenum1,127,3,1,20,4,33,3,0,7,56,0,8,51,0,5,49
gapenum2,127,3,1,20,1,11,2,0,7,56,0,8,51,0,5,49
gapenum1,128,3,1,16,4,33,3,0,5,53,0,7,51,0,4,46
gapenum2,128,3,1,16,2,12,2,0,5,53,0,7,51,0,4,46
gapenum1,129,3,1,17,3,19,3,0,4,52,0,5,45,0,8,44
gapenum2,129,3,1,17,1,7,2,0,4,52,0,5,45,0,8,44
gapenum1,130,3,1,22,4,33,3,0,7,57,0,9,51,0,6,45
gapenum2,130,3,1,22,1,11,2,0,7,57,0,9,51,0,6,45
gapenum1,131,3,1,19,4,33,3,0,6,57,0,8,53,0,5,41
gapenum2,131,3,1,19,2,12,2,0,6,57,0,8,53,0,5,41
gapenum1,132,3,1,25,3,19,3,0,7,56,0,9,52,0,9,47
gapenum2,132,3,1,25,1,7,2,0,7,56,0,9,52,0,9,47
gapenum1,133,3,1,14,4,33,3,0,4,56,0,6,53,0,4,50
gapenum2,133,3,1,14,1,11,2,0,4,56,0,6,53,0,4,50
gapenum1,134,3,1,21,3,19,3,0,5,59,0,8,55,0,8,51
gapenum2,134,3,1,21,1,7,2,0,5,59,0,8,55,0,8,51
gapenum1,135,3,1,23,4,33,3,0,9,59,0,7,58,0,7,51
gapenum2,135,3,1,23,1,11,2,0,9,59,0,7,58,0,7,51
gapenum1,136,3,1,20,4,33,3,0,6,49,0,7,45,0,7,41
gapenum2,136,3,1,20,1,11,2,0,6,49,0,7,45,0,7,41
gapenum1,137,3,1,23,4,33,3,0,8,56,0,6,55,0,9,40
gapenum2,137,3,1,23,2,12,2,0,8,56,0,6,55,0,9,40
gapenum1,138,3,1,17,3,22,3,0,5,52,0,4,51,0,8,49
gapenum2,138,3,1,17,1,7,2,0,5,52,0,4,51,0,8,49
gapenum1,139,3,1,19,4,33,3,0,6,57,0,7,49,0,6,47
gapenum2,139,3,1,19,1,11,2,0,6,57,0,7,49,0,6,47
gapenum1,140,3,1,16,5,33,3,0,4,59,0,5,49,0,7,41
gapenum2,140,3,1,16,3,16,3,0,4,59,0,5,49,0,7,41
gapenum1,141,3,1,17,4,33,3,0,8,59,0,5,52,0,4,51
gapenum2,141,3,1,17,1,11,2,0,8,59,0,5,52,0,4,51
gapenum1,142,3,1,24,4,33,3,0,9,56,0,6,49,0,9,45
gapenum2,142,3,1,24,1,11,2,0,9,56,0,6,49,0,9,45
gapenum1,143,3,1,22,4,33,3,0,8,58,0,9,51,0,5,47
gapenum2,143,3,1,22,1,11,2,0,8,58,0,9,51,0,5,47
gapenum1,144,3,1,25,3,22,3,0,9,58,0,8,54,0,8,52
gapenum2,144,3,1,25,1,7,2,0,9,58,0,8,54,0,8,52
gapenum1,145,3,1,17,5,33,4,0,9,55,0,4,42,0,4,40
gapenum2,145,3,1,17,2,12,2,0,9,55,0,4,42,0,4,40
gapenum1,146,3,1,22,4,33,3,0,5,53,0,9,50,0,8,43
gapenum2,146,3,1,22,1,11,2,0,5,53,0,9,50,0,8,43
gapenum1,147,3,1,18,4,28,3,0,6,53,0,4,41,0,8,41
gapenum2,147,3,1,18,1,11,2,0,6,53,0,4,41,0,8,41
gapenum1,148,3,1,14,4,33,3,0,4,56,0,6,54,0,4,43
gapenum2,148,3,1,14,2,12,2,0,4,56,0,6,54,0,4,43
gapenum1,149,3,1,19,3,17,3,0,5,47,0,5,47,0,9,45
gapenum2,149,3,1,19,1,6,2,0,5,47,0,5,47,0,9,45
gapenum1,150,3,1,21,4,33,3,0,5,56,0,8,50,0,8,46
gapenum2,150,3,1,21,1,11,2,0,5,56,0,8,50,0,8,46
gapenum1,151,3,1,19,4,33,3,0,4,54,0,9,50,0,6,43
gapenum2,151,3,1,19,2,12,2,0,4,54,0,9,50,0,6,43
gapenum1,152,3,1,21,3,22,3,0,8,51,0,7,49,0,6,48
gapenum2,152,3,1,21,1,7,2,0,8,51,0,7,49,0,6,48
gapenum1,153,3,1,15,4,33,3,0,5,55,0,5,49,0,5,48
gapenum2,153,3,1,15,1,11,2,0,5,55,0,5,49,0,5,48
gapenum1,154,3,1,19,3,19,3,0,9,53,0,6,50,0,4,49
gapenum2,154,3,1,19,1,7,2,0,9,53,0,6,50,0,4,49
gapenum1,155,3,1,16,3,22,3,0,7,52,0,4,51,0,5,50
gapenum2,155,3,1,16,1,7,2,0,7,52,0,4,51,0,5,50
gapenum1,156,3,1,12,3,22,3,0,4,43,0,4,41,0,4,41
gapenum2,156,3,1,12,1,7,2,0,4,43,0,4,41,0,4,41
gapenum1,157,3,1,23,3,22,3,0,6,47,0,8,43,0,9,40
gapenum2,157,3,1,23,1,7,2,0,6,47,0,8,43,0,9,40
gapenum1,158,3,1,24,4,33,3,0,9,54,0,9,46,0,6,43
gapenum2,158,3,1,24,1,11,2,0,9,54,0,9,46,0,6,43
gapenum1,159,3,1,25,4,33,3,0,9,59,0,9,47,0,7,44
gapenum2,159,3,1,25,1,11,2,0,9,59,0,9,47,0,7,44
gapenum1,160,3,1,26,4,33,3,0,9,50,0,9,47,0,8,40
gapenum2,160,3,1,26,1,11,2,0,9,50,0,9,47,0,8,40
gapenum1,161,3,1,17,4,21,3,0,5,56,0,8,56,0,4,44
gapenum2,161,3,1,17,2,9,2,0,5,56,0,8,56,0,4,44
gapenum1,162,3,1,21,3,19,3,0,9,52,0,4,47,0,8,44
gapenum2,162,3,1,21,1,7,2,0,9,52,0,4,47,0,8,44
gapenum1,163,3,1,25,3,22,3,0,7,52,0,9,44,0,9,44
gapenum2,163,3,1,25,1,7,2,0,7,52,0,9,44,0,9,44
gapenum1,164,3,1,21,3,19,2,0,7,59,0,5,58,0,9,50
gapenum2,164,3,1,21,1,7,2,0,7,59,0,5,58,0,9,50
gapenum1,165,3,1,21,4,33,3,0,8,55,0,6,43,0,7,43
gapenum2,165,3,1,21,1,11,2,0,8,55,0,6,43,0,7,43
gapenum1,166,3,1,20,3,19,2,0,5,46,0,9,41,0,6,40
gapenum2,166,3,1,20,1,7,2,0,5,46,0,9,41,0,6,40
gapenum1,167,3,1,19,4,28,3,0,7,54,0,5,49,0,7,41
gapenum2,167,3,1,19,2,12,2,0,7,54,0,5,49,0,7,41
gapenum1,168,3,1,19,4,33,3,0,4,57,0,7,52,0,8,40
gapenum2,168,3,1,19,2,12,2,0,4,57,0,7,52,0,8,40
gapenum1,169,3,1,14,3,22,3,0,4,56,0,6,55,0,4,54
gapenum2,169,3,1,14,1,7,2,0,4,56,0,6,55,0,4,54
gapenum1,170,3,1,22,4,33,3,0,9,54,0,5,47,0,8,45
gapenum2,170,3,1,22,1,11,2,0,9,54,0,5,47,0,8,45
gapenum1,171,3,1,22,4,33,3,0,6,57,0,9,53,0,7,43
gapenum2,171,3,1,22,2,12,2,0,6,57,0,9,53,0,7,43
gapenum1,172,3,1,18,5,33,3,0,5,56,0,5,40,0,8,40
gapenum2,172,3,1,18,2,12,2,0,5,56,0,5,40,0,8,40
gapenum1,173,3,1,16,5,33,3,0,7,59,0,4,51,0,5,40
gapenum2,173,3,1,16,3,16,3,0,7,59,0,4,51,0,5,40
gapenum1,174,3,1,21,4,33,3,0,7,55,0,7,50,0,7,47
gapenum2,174,3,1,21,1,11,2,0,7,55,0,7,50,0,7,47
gapenum1,175,3,1,21,5,33,3,0,8,59,0,7,49,0,6,45
gapenum2,175,3,1,21,2,12,2,0,8,59,0,7,49,0,6,45
gapenum1,176,3,1,16,3,22,3,0,4,47,0,7,45,0,5,44
gapenum2,176,3,1,16,1,7,2,0,4,47,0,7,45,0,5,44
gapenum1,177,3,1,18,4,33,3,0,4,57,0,5,51,0,9,46
gapenum2,177,3,1,18,1,11,2,0,4,57,0,5,51,0,9,46
gapenum1,178,3,1,19,5,33,3,0,9,57,0,4,47,0,6,45
gapenum2,178,3,1,19,2,12,2,0,9,57,0,4,47,0,6,45
gapenum1,179,3,1,14,4,33,3,0,4,58,0,4,52,0,6,51
gapenum2,179,3,1,14,1,11,2,0,4,58,0,4,52,0,6,51
gapenum1,180,3,1,16,5,33,3,0,4,57,0,4,43,0,8,43
gapenum2,180,3,1,16,2,12,2,0,4,57,0,4,43,0,8,43
gapenum1,181,3,1,20,5,33,3,0,8,56,0,7,45,0,5,41
gapenum2,181,3,1,20,2,12,2,0,8,56,0,7,45,0,5,41
gapenum1,182,3,1,25,4,21,3,0,8,57,0,9,57,0,8,46
gapenum2,182,3,1,25,2,9,2,0,8,57,0,9,57,0,8,46
gapenum1,183,3,1,21,3,22,3,0,8,54,0,5,52,0,8,49
gapenum2,183,3,1,21,1,7,2,0,8,54,0,5,52,0,8,49
gapenum1,184,3,1,20,5,33,3,0,9,57,0,6,45,0,5,42
gapenum2,184,3,1,20,2,12,2,0,9,57,0,6,45,0,5,42
gapenum1,185,3,1,14,3,22,3,0,4,48,0,5,47,0,5,46
gapenum2,185,3,1,14,1,7,2,0,4,48,0,5,47,0,5,46
gapenum1,186,3,1,20,3,14,2,0,5,49,0,7,49,0,8,41
gapenum2,186,3,1,20,1,6,2,0,5,49,0,7,49,0,8,41
gapenum1,187,3,1,17,4,33,3,0,6,54,0,5,48,0,6,45
gapenum2,187,3,1,17,1,11,2,0,6,54,0,5,48,0,6,45
gapenum1,188,3,1,15,4,33,3,0,4,56,0,5,54,0,6,43
gapenum2,188,3,1,15,2,12,2,0,4,56,0,5,54,0,6,43
gapenum1,189,3,1,15,5,33,3,0,6,58,0,5,47,0,4,43
gapenum2,189,3,1,15,2,12,2,0,6,58,0,5,47,0,4,43
gapenum1,190,3,1,17,5,33,3,0,9,58,0,4,53,0,4,40
gapenum2,190,3,1,17,3,16,3,0,9,58,0,4,53,0,4,40
gapenum1,191,3,1,19,4,21,3,0,6,53,0,8,53,0,5,46
gapenum2,191,3,1,19,2,9,2,0,6,53,0,8,53,0,5,46
gapenum1,192,3,1,16,3,22,3,0,6,45,0,5,41,0,5,41
gapenum2,192,3,1,16,1,7,2,0,6,45,0,5,41,0,5,41
gapenum1,193,3,1,17,5,33,3,0,5,54,0,5,45,0,7,40
gapenum2,193,3,1,17,2,12,2,0,5,54,0,5,45,0,7,40
gapenum1,194,3,1,18,4,33,3,0,5,56,0,7,55,0,6,40
gapenum2,194,3,1,18,2,12,2,0,5,56,0,7,55,0,6,40
gapenum1,195,3,1,21,3,22,2,0,9,53,0,6,51,0,6,50
gapenum2,195,3,1,21,1,7,2,0,9,53,0,6,51,0,6,50
gapenum1,196,3,1,15,4,33,3,0,4,58,0,5,57,0,6,40
gapenum2,196,3,1,15,2,12,2,0,4,58,0,5,57,0,6,40
gapenum1,197,3,1,21,3,22,3,0,8,53,0,4,51,0,9,48
gapenum2,197,3,1,21,1,7,2,0,8,53,0,4,51,0,9,48
gapenum1,198,3,1,18,5,33,3,0,7,59,0,4,41,0,7,41
gapenum2,198,3,1,18,2,12,2,0,7,59,0,4,41,0,7,41
gapenum1,199,3,1,20,3,22,3,0,7,53,0,6,51,0,7,51
gapenum2,199,3,1,20,1,7,2,0,7,53,0,6,51,0,7,51
gapenum1,200,3,1,23,4,33,3,0,9,57,0,5,50,0,9,45
gapenum2,200,3,1,23,1,11,2,0,9,57,0,5,50,0,9,45
gapenum1,201,3,1,25,4,33,3,0,9,54,0,8,52,0,8,45
gapenum2,201,3,1,25,1,11,2,0,9,54,0,8,52,0,8,45
gapenum1,202,3,1,24,3,14,2,0,8,58,0,8,58,0,8,50
gapenum2,202,3,1,24,1,6,2,0,8,58,0,8,58,0,8,50
gapenum1,203,3,1,22,4,33,16,0,8,56,0,7,54,0,7,43
gapenum2,203,3,1,22,2,12,2,0,8,56,0,7,54,0,7,43
gapenum1,204,3,1,22,3,22,2,0,4,53,0,9,45,0,9,45
gapenum2,204,3,1,22,1,7,4,0,4,53,0,9,45,0,9,45
gapenum1,205,3,1,21,3,17,2,0,5,48,0,7,48,0,9,42
gapenum2,205,3,1,21,1,6,2,0,5,48,0,7,48,0,9,42
gapenum1,206,3,1,21,4,33,3,0,9,52,0,8,50,0,4,40
gapenum2,206,3,1,21,2,12,2,0,9,52,0,8,50,0,4,40
gapenum1,207,3,1,24,4,33,3,0,9,56,0,8,55,0,7,45
gapenum2,207,3,1,24,2,12,2,0,9,56,0,8,55,0,7,45
gapenum1,208,3,1,24,3,22,2,0,8,59,0,7,54,0,9,51
gapenum2,208,3,1,24,1,7,2,0,8,59,0,7,54,0,9,51
gapenum1,209,3,1,17,4,28,3,0,4,57,0,6,51,0,7,43
gapenum2,209,3,1,17,2,12,2,0,4,57,0,6,51,0,7,43
gapenum1,210,3,1,17,3,19,2,0,7,50,0,5,48,0,5,45
gapenum2,210,3,1,17,1,7,2,0,7,50,0,5,48,0,5,45
gapenum1,211,3,1,22,4,33,3,0,7,53,0,9,52,0,6,42
gapenum2,211,3,1,22,2,12,2,0,7,53,0,9,52,0,6,42
gapenum1,212,3,1,15,4,33,3,0,4,56,0,7,55,0,4,41
gapenum2,212,3,1,15,2,12,2,0,4,56,0,7,55,0,4,41
gapenum1,213,3,1,19,4,33,3,0,6,56,0,7,54,0,6,44
gapenum2,213,3,1,19,2,12,2,0,6,56,0,7,54,0,6,44
gapenum1,214,3,1,23,3,19,2,0,9,59,0,8,58,0,6,53
gapenum2,214,3,1,23,1,7,2,0,9,59,0,8,58,0,6,53
gapenum1,215,3,1,21,4,33,3,0,6,58,0,8,49,0,7,48
gapenum2,215,3,1,21,1,11,2,0,6,58,0,8,49,0,7,48
gapenum1,216,3,1,18,4,33,3,0,4,59,0,9,55,0,5,43
gapenum2,216,3,1,18,2,12,2,0,4,59,0,9,55,0,5,43
gapenum1,217,3,1,20,3,17,2,0,5,56,0,8,56,0,7,52
gapenum2,217,3,1,20,1,6,2,0,5,56,0,8,56,0,7,52
gapenum1,218,3,1,25,3,17,2,0,7,48,0,9,48,0,9,42
gapenum2,218,3,1,25,1,6,2,0,7,48,0,9,48,0,9,42
gapenum1,219,3,1,19,5,33,3,0,8,59,0,4,45,0,7,43
gapenum2,219,3,1,19,2,12,2,0,8,59,0,4,45,0,7,43
gapenum1,220,3,1,17,4,33,3,0,7,56,0,6,54,0,4,49
gapenum2,220,3,1,17,2,12,2,0,7,56,0,6,54,0,4,49
gapenum1,221,3,1,20,5,33,3,0,7,59,0,8,50,0,5,44
gapenum2,221,3,1,20,3,16,2,0,7,59,0,8,50,0,5,44
gapenum1,222,3,1,23,4,33,3,0,8,54,0,7,50,0,8,42
gapenum2,222,3,1,23,1,11,2,0,8,54,0,7,50,0,8,42
gapenum1,223,3,1,18,4,28,3,0,5,53,0,4,45,0,9,40
gapenum2,223,3,1,18,1,11,2,0,5,53,0,4,45,0,9,40
gapenum1,224,3,1,23,3,11,2,0,7,43,0,8,43,0,8,43
gapenum2,224,3,1,23,1,5,2,0,7,43,0,8,43,0,8,43
gapenum1,225,3,1,21,3,22,2,0,9,46,0,5,42,0,7,42
gapenum2,225,3,1,21,1,7,2,0,9,46,0,5,42,0,7,42
gapenum1,226,3,1,15,5,33,3,0,5,59,0,5,53,0,5,43
gapenum2,226,3,1,15,3,16,2,0,5,59,0,5,53,0,5,43
gapenum1,227,3,1,16,4,33,3,0,4,52,0,8,50,0,4,40
gapenum2,227,3,1,16,2,12,2,0,4,52,0,8,50,0,4,40
gapenum1,228,3,1,17,4,33,3,0,7,56,0,5,54,0,5,40
gapenum2,228,3,1,17,2,12,2,0,7,56,0,5,54,0,5,40
gapenum1,229,3,1,17,3,22,2,0,5,44,0,4,42,0,8,40
gapenum2,229,3,1,17,1,7,2,0,5,44,0,4,42,0,8,40
gapenum1,230,3,1,18,3,22,2,0,7,54,0,6,52,0,5,51
gapenum2,230,3,1,18,1,7,2,0,7,54,0,6,52,0,5,51
gapenum1,231,3,1,24,3,22,2,0,8,58,0,7,57,0,9,53
gapenum2,231,3,1,24,1,7,2,0,8,58,0,7,57,0,9,53
gapenum1,232,3,1,21,4,33,3,0,7,54,0,9,46,0,5,40
gapenum2,232,3,1,21,2,12,2,0,7,54,0,9,46,0,5,40
gapenum1,233,3,1,18,3,22,2,0,9,48,0,5,46,0,4,45
gapenum2,233,3,1,18,1,7,2,0,9,48,0,5,46,0,4,45
gapenum1,234,3,1,17,5,33,3,0,7,59,0,5,50,0,5,46
gapenum2,234,3,1,17,2,12,2,0,7,59,0,5,50,0,5,46
gapenum1,235,3,1,21,3,22,2,0,6,48,0,6,46,0,9,45
gapenum2,235,3,1,21,1,7,2,0,6,48,0,6,46,0,9,45
gapenum1,236,3,1,16,3,19,2,0,5,49,0,4,43,0,7,42
gapenum2,236,3,1,16,1,7,2,0,5,49,0,4,43,0,7,42
gapenum1,237,3,1,14,3,22,2,0,5,57,0,4,55,0,5,53
gapenum2,237,3,1,14,1,7,2,0,5,57,0,4,55,0,5,53
gapenum1,238,3,1,19,4,33,3,0,4,58,0,8,49,0,7,47
gapenum2,238,3,1,19,1,11,2,0,4,58,0,8,49,0,7,47
gapenum1,239,3,1,22,4,33,3,0,4,59,0,9,53,0,9,42
gapenum2,239,3,1,22,2,12,2,0,4,59,0,9,53,0,9,42
gapenum1,240,3,1,14,4,28,3,0,5,54,0,4,50,0,5,42
gapenum2,240,3,1,14,2,12,2,0,5,54,0,4,50,0,5,42
gapenum1,241,3,1,23,4,33,3,0,9,57,0,9,49,0,5,41
gapenum2,241,3,1,23,2,12,2,0,9,57,0,9,49,0,5,41
gapenum1,242,3,1,16,3,19,2,0,5,58,0,5,54,0,6,52
gapenum2,242,3,1,16,1,7,2,0,5,58,0,5,54,0,6,52
gapenum1,243,3,1,24,3,22,2,0,6,56,0,9,53,0,9,51
gapenum2,243,3,1,24,1,7,2,0,6,56,0,9,53,0,9,51
gapenum1,244,3,1,17,4,28,3,0,4,56,0,5,48,0,8,43
gapenum2,244,3,1,17,1,11,2,0,4,56,0,5,48,0,8,43
gapenum1,245,3,1,19,3,22,2,0,6,51,0,4,47,0,9,43
gapenum2,245,3,1,19,1,7,2,0,6,51,0,4,47,0,9,43
gapenum1,246,3,1,18,4,33,3,0,5,54,0,8,48,0,5,46
gapenum2,246,3,1,18,1,11,2,0,5,54,0,8,48,0,5,46
gapenum1,247,3,1,18,4,33,3,0,6,46,0,7,45,0,5,40
gapenum2,247,3,1,18,1,11,2,0,6,46,0,7,45,0,5,40
gapenum1,248,3,1,22,4,33,3,0,7,56,0,9,46,0,6,44
gapenum2,248,3,1,22,1,11,2,0,7,56,0,9,46,0,6,44
gapenum1,249,3,1,17,5,33,3,0,5,59,0,5,45,0,7,44
gapenum2,249,3,1,17,2,12,2,0,5,59,0,5,45,0,7,44
gapenum1,250,3,1,17,4,33,3,0,4,55,0,9,51,0,4,46
gapenum2,250,3,1,17,2,12,2,0,4,55,0,9,51,0,4,46
gapenum1,251,3,1,19,4,33,3,0,6,52,0,6,46,0,7,40
gapenum2,251,3,1,19,1,11,2,0,6,52,0,6,46,0,7,40
gapenum1,252,3,1,17,3,19,2,0,4,51,0,6,50,0,7,44
gapenum2,252,3,1,17,1,7,2,0,4,51,0,6,50,0,7,44
gapenum1,253,3,1,22,4,33,3,0,5,56,0,8,48,0,9,45
gapenum2,253,3,1,22,1,11,2,0,5,56,0,8,48,0,9,45
gapenum1,254,3,1,19,5,33,3,0,5,59,0,9,45,0,5,43
gapenum2,254,3,1,19,2,12,2,0,5,59,0,9,45,0,5,43
gapenum1,255,3,1,21,3,17,2,0,5,46,0,8,46,0,8,43
gapenum2,255,3,1,21,1,6,2,0,5,46,0,8,46,0,8,43
gapenum1,256,3,1,23,3,22,2,0,6,46,0,9,44,0,8,42
gapenum2,256,3,1,23,1,7,2,0,6,46,0,9,44,0,8,42
gapenum1,257,3,1,17,3,17,2,0,4,48,0,4,48,0,9,40
gapenum2,257,3,1,17,1,6,2,0,4,48,0,4,48,0,9,40
gapenum1,258,3,1,23,4,33,3,0,7,59,0,7,48,0,9,45
gapenum2,258,3,1,23,1,11,2,0,7,59,0,7,48,0,9,45
gapenum1,259,3,1,26,4,33,3,0,9,57,0,9,52,0,8,44
gapenum2,259,3,1,26,1,11,2,0,9,57,0,9,52,0,8,44
gapenum1,260,3,1,20,4,33,3,0,7,50,0,4,44,0,9,40
gapenum2,260,3,1,20,1,11,2,0,7,50,0,4,44,0,9,40
gapenum1,261,3,1,23,3,17,2,0,8,43,0,9,43,0,6,40
gapenum2,261,3,1,23,1,6,2,0,8,43,0,9,43,0,6,40
gapenum1,262,3,1,22,4,33,3,0,8,54,0,9,47,0,5,45
gapenum2,262,3,1,22,1,11,2,0,8,54,0,9,47,0,5,45
gapenum1,263,3,1,21,4,33,3,0,4,56,0,9,51,0,8,40
gapenum2,263,3,1,21,2,12,2,0,4,56,0,9,51,0,8,40
gapenum1,264,3,1,16,5,33,3,0,5,59,0,4,52,0,7,46
gapenum2,264,3,1,16,2,12,2,0,5,59,0,4,52,0,7,46
gapenum1,265,3,1,19,4,33,3,0,7,54,0,6,46,0,6,43
gapenum2,265,3,1,19,1,11,2,0,7,54,0,6,46,0,6,43
gapenum1,266,3,1,19,5,33,3,0,6,59,0,4,42,0,9,42
gapenum2,266,3,1,19,2,12,2,0,6,59,0,4,42,0,9,42
gapenum1,267,3,1,17,4,33,3,0,9,57,0,4,55,0,4,51
gapenum2,267,3,1,17,1,11,2,0,9,57,0,4,55,0,4,51
gapenum1,268,3,1,20,4,33,3,0,7,56,0,9,53,0,4,47
gapenum2,268,3,1,20,2,12,2,0,7,56,0,9,53,0,4,47
gapenum1,269,3,1,18,4,33,3,0,4,57,0,8,56,0,6,47
gapenum2,269,3,1,18,2,12,2,0,4,57,0,8,56,0,6,47
gapenum1,270,3,1,17,4,33,3,0,4,59,0,7,57,0,6,51
gapenum2,270,3,1,17,1,11,2,0,4,59,0,7,57,0,6,51
gapenum1,271,3,1,26,4,33,3,0,9,58,0,9,54,0,8,42
gapenum2,271,3,1,26,2,12,2,0,9,58,0,9,54,0,8,42
gapenum1,272,3,1,18,4,33,3,0,5,57,0,6,54,0,7,49
gapenum2,272,3,1,18,1,11,2,0,5,57,0,6,54,0,7,49
gapenum1,273,3,1,18,5,33,3,0,5,57,0,5,43,0,8,43
gapenum2,273,3,1,18,2,12,2,0,5,57,0,5,43,0,8,43
gapenum1,274,3,1,19,4,28,3,0,6,58,0,4,54,0,9,43
gapenum2,274,3,1,19,2,12,2,0,6,58,0,4,54,0,9,43
gapenum1,275,3,1,20,3,19,2,0,8,51,0,5,50,0,7,44
gapenum2,275,3,1,20,1,7,2,0,8,51,0,5,50,0,7,44
gapenum1,276,3,1,19,3,22,3,0,6,49,0,5,48,0,8,48
gapenum2,276,3,1,19,1,7,2,0,6,49,0,5,48,0,8,48
gapenum1,277,3,1,21,3,22,2,0,7,58,0,8,57,0,6,53
gapenum2,277,3,1,21,1,7,2,0,7,58,0,8,57,0,6,53
gapenum1,278,3,1,19,5,33,3,0,8,55,0,6,42,0,5,41
gapenum2,278,3,1,19,2,12,2,0,8,55,0,6,42,0,5,41
gapenum1,279,3,1,22,3,19,2,0,9,51,0,7,47,0,6,45
gapenum2,279,3,1,22,1,7,2,0,9,51,0,7,47,0,6,45
gapenum1,280,3,1,25,3,19,2,0,8,57,0,9,52,0,8,49
gapenum2,280,3,1,25,1,7,2,0,8,57,0,9,52,0,8,49
gapenum1,281,3,1,19,4,33,3,0,6,56,0,7,55,0,6,48
gapenum2,281,3,1,19,2,12,2,0,6,56,0,7,55,0,6,48
gapenum1,282,3,1,15,3,22,3,0,6,51,0,5,50,0,4,49
gapenum2,282,3,1,15,1,7,2,0,6,51,0,5,50,0,4,49
gapenum1,283,3,1,19,4,28,3,0,9,56,0,4,50,0,6,46
gapenum2,283,3,1,19,1,11,2,0,9,56,0,4,50,0,6,46
gapenum1,284,3,1,17,5,33,3,0,4,58,0,5,42,0,8,41
gapenum2,284,3,1,17,2,12,2,0,4,58,0,5,42,0,8,41
gapenum1,285,3,1,19,4,33,3,0,7,51,0,8,50,0,4,45
gapenum2,285,3,1,19,2,12,2,0,7,51,0,8,50,0,4,45
gapenum1,286,3,1,25,3,22,2,0,7,59,0,9,57,0,9,57
gapenum2,286,3,1,25,1,7,2,0,7,59,0,9,57,0,9,57
gapenum1,287,3,1,24,4,21,3,0,7,52,0,9,52,0,8,40
gapenum2,287,3,1,24,2,9,2,0,7,52,0,9,52,0,8,40
gapenum1,288,3,1,20,3,22,2,0,5,52,0,6,50,0,9,48
gapenum2,288,3,1,20,1,7,2,0,5,52,0,6,50,0,9,48
gapenum1,289,3,1,17,4,33,3,0,6,53,0,5,51,0,6,45
gapenum2,289,3,1,17,1,11,2,0,6,53,0,5,51,0,6,45
gapenum1,290,3,1,19,4,33,3,0,4,55,0,7,48,0,8,42
gapenum2,290,3,1,19,1,11,2,0,4,55,0,7,48,0,8,42
gapenum1,291,3,1,16,4,33,3,0,4,56,0,7,55,0,5,47
gapenum2,291,3,1,16,2,12,2,0,4,56,0,7,55,0,5,47
gapenum1,292,3,1,17,4,33,16,0,9,59,0,4,56,0,4,44
gapenum2,292,3,1,17,2,12,2,0,9,59,0,4,56,0,4,44
gapenum1,293,3,1,22,3,19,2,0,6,57,0,7,55,0,9,48
gapenum2,293,3,1,22,1,7,2,0,6,57,0,7,55,0,9,48
gapenum1,294,3,1,21,3,22,2,0,8,56,0,7,53,0,6,52
gapenum2,294,3,1,21,1,7,2,0,8,56,0,7,53,0,6,52
gapenum1,295,3,1,21,3,22,2,0,7,54,0,5,52,0,9,48
gapenum2,295,3,1,21,1,7,2,0,7,54,0,5,52,0,9,48
gapenum1,296,3,1,24,5,33,3,0,9,59,0,7,51,0,8,42
gapenum2,296,3,1,24,3,16,2,0,9,59,0,7,51,0,8,42
gapenum1,297,3,1,21,5,33,3,0,6,58,0,7,41,0,8,41
gapenum2,297,3,1,21,2,12,2,0,6,58,0,7,41,0,8,41
gapenum1,298,3,1,25,3,22,2,0,9,51,0,9,50,0,7,47
gapenum2,298,3,1,25,1,7,2,0,9,51,0,9,50,0,7,47
gapenum1,299,3,1,22,3,22,2,0,7,55,0,6,51,0,9,48
gapenum2,299,3,1,22,1,7,2,0,7,55,0,6,51,0,9,48
gapenum1,300,3,1,17,4,33,3,0,4,47,0,7,43,0,6,40
gapenum2,300,3,1,17,1,11,2,0,4,47,0,7,43,0,6,40
gapenum1,301,3,1,21,3,19,2,0,8,53,0,5,45,0,8,45
gapenum2,301,3,1,21,1,7,2,0,8,53,0,5,45,0,8,45
gapenum1,302,3,1,19,3,22,2,0,4,59,0,9,58,0,6,56
gapenum2,302,3,1,19,1,7,2,0,4,59,0,9,58,0,6,56
gapenum1,303,3,1,19,4,28,3,0,9,59,0,4,55,0,6,45
gapenum2,303,3,1,19,2,12,2,0,9,59,0,4,55,0,6,45
gapenum1,304,3,1,19,4,33,3,0,4,55,0,7,54,0,8,41
gapenum2,304,3,1,19,2,12,2,0,4,55,0,7,54,0,8,41
gapenum1,305,3,1,22,4,33,5,0,8,58,0,7,57,0,7,44
gapenum2,305,3,1,22,2,12,2,0,8,58,0,7,57,0,7,44
gapenum1,306,3,1,19,3,19,2,0,5,51,0,9,49,0,5,46
gapenum2,306,3,1,19,1,7,2,0,5,51,0,9,49,0,5,46
gapenum1,307,3,1,19,3,22,2,0,6,44,0,8,41,0,5,40
gapenum2,307,3,1,19,1,7,2,0,6,44,0,8,41,0,5,40
gapenum1,308,3,1,26,3,22,2,0,9,45,0,8,43,0,9,43
gapenum2,308,3,1,26,1,7,2,0,9,45,0,8,43,0,9,43
gapenum1,309,3,1,16,4,28,3,0,5,52,0,4,44,0,7,41
gapenum2,309,3,1,16,1,11,2,0,5,52,0,4,44,0,7,41
gapenum1,310,3,1,21,3,19,2,0,8,53,0,7,48,0,6,47
gapenum2,310,3,1,21,1,7,2,0,8,53,0,7,48,0,6,47
gapenum1,311,3,1,16,5,33,3,0,4,57,0,7,43,0,5,40
gapenum2,311,3,1,16,2,12,2,0,4,57,0,7,43,0,5,40
gapenum1,312,3,1,20,5,33,3,0,6,57,0,6,48,0,8,41
gapenum2,312,3,1,20,2,12,2,0,6,57,0,6,48,0,8,41
gapenum1,313,3,1,24,3,19,2,0,9,49,0,7,42,0,8,41
gapenum2,313,3,1,24,1,7,2,0,9,49,0,7,42,0,8,41
gapenum1,314,3,1,21,4,33,3,0,6,58,0,6,48,0,9,47
gapenum2,314,3,1,21,1,11,2,0,6,58,0,6,48,0,9,47
gapenum1,315,3,1,16,3,22,2,0,4,59,0,6,56,0,6,55
gapenum2,315,3,1,16,1,7,2,0,4,59,0,6,56,0,6,55
gapenum1,316,3,1,18,4,21,3,0,5,47,0,9,47,0,4,41
gapenum2,316,3,1,18,2,9,2,0,5,47,0,9,47,0,4,41
gapenum1,317,3,1,21,4,21,3,0,5,58,0,8,58,0,8,46
gapenum2,317,3,1,21,2,9,2,0,5,58,0,8,58,0,8,46
gapenum1,318,3,1,16,5,33,3,0,5,53,0,5,43,0,6,40
gapenum2,318,3,1,16,2,12,2,0,5,53,0,5,43,0,6,40
gapenum1,319,3,1,16,5,33,3,0,6,56,0,6,46,0,4,42
gapenum2,319,3,1,16,2,12,2,0,6,56,0,6,46,0,4,42
gapenum1,320,3,1,23,4,33,3,0,9,58,0,5,50,0,9,48
gapenum2,320,3,1,23,1,11,2,0,9,58,0,5,50,0,9,48
gapenum1,321,3,1,20,4,33,3,0,7,57,0,7,55,0,6,43
gapenum2,321,3,1,20,2,12,2,0,7,57,0,7,55,0,6,43
gapenum1,322,3,1,20,5,33,3,0,7,59,0,4,54,0,9,44
gapenum2,322,3,1,20,3,16,2,0,7,59,0,4,54,0,9,44
gapenum1,323,3,1,20,3,22,2,0,4,46,0,8,44,0,8,43
gapenum2,323,3,1,20,1,7,2,0,4,46,0,8,44,0,8,43
gapenum1,324,3,1,17,3,19,2,0,8,55,0,5,52,0,4,51
gapenum2,324,3,1,17,1,7,2,0,8,55,0,5,52,0,4,51
gapenum1,325,3,1,21,3,19,2,0,7,58,0,5,57,0,9,49
gapenum2,325,3,1,21,1,7,2,0,7,58,0,5,57,0,9,49
gapenum1,326,3,1,17,3,14,2,0,5,59,0,6,59,0,6,53
gapenum2,326,3,1,17,1,6,2,0,5,59,0,6,59,0,6,53
gapenum1,327,3,1,21,4,33,3,0,5,55,0,8,40,0,8,40
gapenum2,327,3,1,21,1,11,2,0,5,55,0,8,40,0,8,40
gapenum1,328,3,1,13,4,21,3,0,4,58,0,5,58,0,4,42
gapenum2,328,3,1,13,2,9,2,0,4,58,0,5,58,0,4,42
gapenum1,329,3,1,15,4,21,3,0,4,58,0,7,58,0,4,40
gapenum2,329,3,1,15,2,9,2,0,4,58,0,7,58,0,4,40
gapenum1,330,3,1,21,4,33,3,0,7,59,0,9,57,0,5,53
gapenum2,330,3,1,21,1,11,2,0,7,59,0,9,57,0,5,53
gapenum1,331,3,1,17,4,33,3,0,9,53,0,4,49,0,4,48
gapenum2,331,3,1,17,1,11,2,0,9,53,0,4,49,0,4,48
gapenum1,332,3,1,23,3,22,2,0,7,50,0,8,46,0,8,43
gapenum2,332,3,1,23,1,7,2,0,7,50,0,8,46,0,8,43
gapenum1,333,3,1,12,5,33,3,0,4,58,0,4,48,0,4,40
gapenum2,333,3,1,12,3,16,2,0,4,58,0,4,48,0,4,40
gapenum1,334,3,1,23,5,33,3,0,8,58,0,6,42,0,9,42
gapenum2,334,3,1,23,2,12,2,0,8,58,0,6,42,0,9,42
gapenum1,335,3,1,20,4,33,3,0,6,55,0,8,53,0,6,40
gapenum2,335,3,1,20,2,12,2,0,6,55,0,8,53,0,6,40
gapenum1,336,3,1,18,3,22,2,0,8,44,0,5,43,0,5,40
gapenum2,336,3,1,18,1,7,2,0,8,44,0,5,43,0,5,40
gapenum1,337,3,1,20,4,33,3,0,7,55,0,9,53,0,4,44
gapenum2,337,3,1,20,2,12,2,0,7,55,0,9,53,0,4,44
gapenum1,338,3,1,14,5,33,3,0,6,58,0,4,43,0,4,40
gapenum2,338,3,1,14,2,12,2,0,6,58,0,4,43,0,4,40
gapenum1,339,3,1,21,3,22,2,0,6,52,0,6,47,0,9,47
gapenum2,339,3,1,21,1,7,2,0,6,52,0,6,47,0,9,47
gapenum1,340,3,1,19,3,22,2,0,7,50,0,6,48,0,6,47
gapenum2,340,3,1,19,1,7,2,0,7,50,0,6,48,0,6,47
gapenum1,341,3,1,19,5,33,3,0,9,56,0,5,44,0,5,40
gapenum2,341,3,1,19,2,12,2,0,9,56,0,5,44,0,5,40
gapenum1,342,3,1,15,4,33,3,0,5,57,0,5,56,0,5,45
gapenum2,342,3,1,15,2,12,2,0,5,57,0,5,56,0,5,45
gapenum1,343,3,1,24,4,33,3,0,9,56,0,7,43,0,8,43
gapenum2,343,3,1,24,1,11,2,0,9,56,0,7,43,0,8,43
gapenum1,344,3,1,21,4,33,3,0,4,57,0,9,56,0,8,40
gapenum2,344,3,1,21,2,12,2,0,4,57,0,9,56,0,8,40
gapenum1,345,3,1,22,3,22,2,0,5,48,0,9,44,0,8,41
gapenum2,345,3,1,22,1,7,2,0,5,48,0,9,44,0,8,41
gapenum1,346,3,1,20,3,22,2,0,7,59,0,4,57,0,9,52
gapenum2,346,3,1,20,1,7,2,0,7,59,0,4,57,0,9,52
gapenum1,347,3,1,19,4,33,3,0,6,53,0,8,47,0,5,44
gapenum2,347,3,1,19,1,11,2,0,6,53,0,8,47,0,5,44
gapenum1,348,3,1,20,5,33,3,0,9,55,0,4,49,0,7,40
gapenum2,348,3,1,20,3,16,2,0,9,55,0,4,49,0,7,40
gapenum1,349,3,1,21,4,33,3,0,5,57,0,9,55,0,7,49
gapenum2,349,3,1,21,1,11,2,0,5,57,0,9,55,0,7,49
gapenum1,350,3,1,18,5,33,3,0,4,57,0,7,45,0,7,41
gapenum2,350,3,1,18,2,12,2,0,4,57,0,7,45,0,7,41
gapenum1,351,3,1,18,3,22,2,0,5,46,0,6,44,0,7,44
gapenum2,351,3,1,18,1,7,2,0,5,46,0,6,44,0,7,44
gapenum1,352,3,1,20,4,33,3,0,7,58,0,8,50,0,5,47
gapenum2,352,3,1,20,1,11,2,0,7,58,0,8,50,0,5,47
gapenum1,353,3,1,26,3,22,2,0,9,52,0,9,51,0,8,49
gapenum2,353,3,1,26,1,7,2,0,9,52,0,9,51,0,8,49
gapenum1,354,3,1,20,4,33,3,0,7,54,0,5,50,0,8,45
gapenum2,354,3,1,20,1,11,2,0,7,54,0,5,50,0,8,45
gapenum1,355,3,1,21,3,22,2,0,6,54,0,6,53,0,9,46
gapenum2,355,3,1,21,1,7,2,0,6,54,0,6,53,0,9,46
gapenum1,356,3,1,19,4,33,3,0,7,56,0,7,52,0,5,50
gapenum2,356,3,1,19,1,11,2,0,7,56,0,7,52,0,5,50
gapenum1,357,3,1,17,4,33,3,0,5,53,0,5,52,0,7,45
gapenum2,357,3,1,17,1,11,2,0,5,53,0,5,52,0,7,45
gapenum1,358,3,1,26,3,22,2,0,8,52,0,9,51,0,9,46
gapenum2,358,3,1,26,1,7,2,0,8,52,0,9,51,0,9,46
gapenum1,359,3,1,18,4,28,3,0,6,59,0,7,52,0,5,47
gapenum2,359,3,1,18,1,11,2,0,6,59,0,7,52,0,5,47
gapenum1,360,3,1,21,3,22,2,0,5,52,0,7,50,0,9,44
gapenum2,360,3,1,21,1,7,2,0,5,52,0,7,50,0,9,44
gapenum1,361,3,1,20,3,17,2,0,7,50,0,8,50,0,5,49
gapenum2,361,3,1,20,1,6,2,0,7,50,0,8,50,0,5,49
gapenum1,362,3,1,24,3,19,2,0,9,54,0,8,52,0,7,47
gapenum2,362,3,1,24,1,7,2,0,9,54,0,8,52,0,7,47
gapenum1,363,3,1,16,5,33,3,0,7,56,0,4,49,0,5,40
gapenum2,363,3,1,16,3,16,2,0,7,56,0,4,49,0,5,40
gapenum1,364,3,1,19,4,33,3,0,5,57,0,5,51,0,9,44
gapenum2,364,3,1,19,1,11,2,0,5,57,0,5,51,0,9,44
gapenum1,365,3,1,16,4,33,3,0,5,58,0,5,55,0,6,47
gapenum2,365,3,1,16,2,12,2,0,5,58,0,5,55,0,6,47
gapenum1,366,3,1,16,4,33,3,0,5,51,0,6,48,0,5,43
gapenum2,366,3,1,16,1,11,2,0,5,51,0,6,48,0,5,43
gapenum1,367,3,1,17,3,22,2,0,6,47,0,4,44,0,7,41
gapenum2,367,3,1,17,1,7,2,0,6,47,0,4,44,0,7,41
gapenum1,368,3,1,18,5,33,3,0,7,54,0,6,43,0,5,42
gapenum2,368,3,1,18,2,12,2,0,7,54,0,6,43,0,5,42
gapenum1,369,3,1,21,4,33,3,0,8,58,0,5,57,0,8,45
gapenum2,369,3,1,21,2,12,2,0,8,58,0,5,57,0,8,45
gapenum1,370,3,1,24,3,22,2,0,9,50,0,8,47,0,7,45
gapenum2,370,3,1,24,1,7,2,0,9,50,0,8,47,0,7,45
gapenum1,371,3,1,12,3,22,2,0,4,53,0,4,52,0,4,52
gapenum2,371,3,1,12,1,7,2,0,4,53,0,4,52,0,4,52
gapenum1,372,3,1,20,3,22,2,0,7,50,0,8,49,0,5,46
gapenum2,372,3,1,20,1,7,2,0,7,50,0,8,49,0,5,46
gapenum1,373,3,1,17,4,33,3,0,8,52,0,4,47,0,5,46
gapenum2,373,3,1,17,1,11,4,0,8,52,0,4,47,0,5,46
gapenum1,374,3,1,18,4,33,3,0,6,50,0,6,46,0,6,41
gapenum2,374,3,1,18,1,11,2,0,6,50,0,6,46,0,6,41
gapenum1,375,3,1,17,4,33,3,0,6,51,0,5,50,0,6,40
gapenum2,375,3,1,17,2,12,2,0,6,51,0,5,50,0,6,40
gapenum1,376,3,1,21,3,22,2,0,4,47,0,9,44,0,8,43
gapenum2,376,3,1,21,1,7,2,0,4,47,0,9,44,0,8,43
gapenum1,377,3,1,18,4,33,3,0,6,54,0,7,47,0,5,45
gapenum2,377,3,1,18,1,11,2,0,6,54,0,7,47,0,5,45
gapenum1,378,3,1,14,5,33,3,0,4,57,0,6,43,0,4,41
gapenum2,378,3,1,14,2,12,2,0,4,57,0,6,43,0,4,41
gapenum1,379,3,1,17,4,33,3,0,5,58,0,4,57,0,8,44
gapenum2,379,3,1,17,2,12,2,0,5,58,0,4,57,0,8,44
gapenum1,380,3,1,20,4,33,3,0,9,55,0,7,51,0,4,48
gapenum2,380,3,1,20,1,11,2,0,9,55,0,7,51,0,4,48
gapenum1,381,3,1,24,4,33,3,0,8,56,0,8,50,0,8,47
gapenum2,381,3,1,24,1,11,2,0,8,56,0,8,50,0,8,47
gapenum1,382,3,1,19,4,33,3,0,7,57,0,6,52,0,6,42
gapenum2,382,3,1,19,2,12,2,0,7,57,0,6,52,0,6,42
gapenum1,383,3,1,19,4,33,3,0,9,59,0,6,54,0,4,50
gapenum2,383,3,1,19,1,11,2,0,9,59,0,6,54,0,4,50
gapenum1,384,3,1,21,3,19,2,0,6,55,0,9,51,0,6,49
gapenum2,384,3,1,21,1,7,2,0,6,55,0,9,51,0,6,49
gapenum1,385,3,1,14,4,28,3,0,4,57,0,4,48,0,6,47
gapenum2,385,3,1,14,1,11,2,0,4,57,0,4,48,0,6,47
gapenum1,386,3,1,24,4,33,3,0,9,59,0,6,55,0,9,48
gapenum2,386,3,1,24,1,11,2,0,9,59,0,6,55,0,9,48
gapenum1,387,3,1,22,4,33,15,0,9,51,0,7,49,0,6,44
gapenum2,387,3,1,22,1,11,2,0,9,51,0,7,49,0,6,44
gapenum1,388,3,1,20,4,28,3,0,9,53,0,7,46,0,4,40
gapenum2,388,3,1,20,2,12,2,0,9,53,0,7,46,0,4,40
gapenum1,389,3,1,22,4,33,3,0,7,55,0,6,46,0,9,43
gapenum2,389,3,1,22,1,11,2,0,7,55,0,6,46,0,9,43
gapenum1,390,3,1,20,3,22,2,0,8,47,0,5,43,0,7,42
gapenum2,390,3,1,20,1,7,2,0,8,47,0,5,43,0,7,42
gapenum1,391,3,1,21,4,33,3,0,8,58,0,9,53,0,4,44
gapenum2,391,3,1,21,2,12,2,0,8,58,0,9,53,0,4,44
gapenum1,392,3,1,21,5,33,3,0,9,55,0,4,48,0,8,42
gapenum2,392,3,1,21,2,12,2,0,9,55,0,4,48,0,8,42
gapenum1,393,3,1,17,4,33,3,0,6,56,0,6,51,0,5,43
gapenum2,393,3,1,17,2,12,2,0,6,56,0,6,51,0,5,43
gapenum1,394,3,1,20,5,33,3,0,7,59,0,7,44,0,6,42
gapenum2,394,3,1,20,2,12,2,0,7,59,0,7,44,0,6,42
gapenum1,395,3,1,18,4,33,2,0,4,51,0,7,45,0,7,42
gapenum2,395,3,1,18,1,11,2,0,4,51,0,7,45,0,7,42
gapenum1,396,3,1,24,4,33,3,0,8,59,0,8,48,0,8,44
gapenum2,396,3,1,24,1,11,2,0,8,59,0,8,48,0,8,44
gapenum1,397,3,1,18,3,19,2,0,4,55,0,5,50,0,9,46
gapenum2,397,3,1,18,1,7,2,0,4,55,0,5,50,0,9,46
gapenum1,398,3,1,16,3,19,2,0,5,47,0,4,42,0,7,40
gapenum2,398,3,1,16,1,7,2,0,5,47,0,4,42,0,7,40
gapenum1,399,3,1,24,3,22,2,0,8,52,0,7,47,0,9,47
gapenum2,399,3,1,24,1,7,2,0,8,52,0,7,47,0,9,47
gapenum1,400,3,1,20,4,33,3,0,7,53,0,5,51,0,8,41
gapenum2,400,3,1,20,2,12,2,0,7,53,0,5,51,0,8,41
gapenum1,401,3,1,20,4,33,3,0,5,56,0,8,52,0,7,43
gapenum2,401,3,1,20,2,12,2,0,5,56,0,8,52,0,7,43
gapenum1,402,3,1,20,5,33,3,0,9,56,0,7,46,0,4,44
gapenum2,402,3,1,20,2,12,2,0,9,56,0,7,46,0,4,44
gapenum1,403,3,1,15,5,33,3,0,7,49,0,4,41,0,4,40
gapenum2,403,3,1,15,2,12,2,0,7,49,0,4,41,0,4,40
gapenum1,404,3,1,25,4,33,3,0,9,51,0,7,49,0,9,41
gapenum2,404,3,1,25,1,11,2,0,9,51,0,7,49,0,9,41
gapenum1,405,3,1,21,4,21,2,0,7,53,0,9,53,0,5,41
gapenum2,405,3,1,21,2,9,2,0,7,53,0,9,53,0,5,41
gapenum1,406,3,1,16,5,33,3,0,7,59,0,4,53,0,5,48
gapenum2,406,3,1,16,2,12,4,0,7,59,0,4,53,0,5,48
gapenum1,407,3,1,19,3,22,2,0,6,58,0,4,57,0,9,52
gapenum2,407,3,1,19,1,7,2,0,6,58,0,4,57,0,9,52
gapenum1,408,3,1,15,4,33,3,0,5,52,0,4,44,0,6,43
gapenum2,408,3,1,15,1,11,2,0,5,52,0,4,44,0,6,43
gapenum1,409,3,1,19,4,33,3,0,9,59,0,4,58,0,6,48
gapenum2,409,3,1,19,2,12,2,0,9,59,0,4,58,0,6,48
gapenum1,410,3,1,22,4,33,3,0,7,59,0,9,48,0,6,47
gapenum2,410,3,1,22,1,11,2,0,7,59,0,9,48,0,6,47
gapenum1,411,3,1,17,3,19,2,0,5,51,0,6,50,0,6,45
gapenum2,411,3,1,17,1,7,2,0,5,51,0,6,50,0,6,45
gapenum1,412,3,1,20,3,19,2,0,8,56,0,7,55,0,5,51
gapenum2,412,3,1,20,1,7,2,0,8,56,0,7,55,0,5,51
gapenum1,413,3,1,16,4,33,3,0,4,52,0,6,47,0,6,42
gapenum2,413,3,1,16,1,11,2,0,4,52,0,6,47,0,6,42
gapenum1,414,3,1,20,3,22,2,0,9,52,0,7,51,0,4,50
gapenum2,414,3,1,20,1,7,2,0,9,52,0,7,51,0,4,50
gapenum1,415,3,1,18,5,33,3,0,9,59,0,4,51,0,5,48
gapenum2,415,3,1,18,2,12,2,0,9,59,0,4,51,0,5,48
gapenum1,416,3,1,20,4,33,3,0,8,50,0,8,46,0,4,42
gapenum2,416,3,1,20,1,11,2,0,8,50,0,8,46,0,4,42
gapenum1,417,3,1,17,4,33,3,0,5,55,0,7,53,0,5,49
gapenum2,417,3,1,17,1,11,2,0,5,55,0,7,53,0,5,49
gapenum1,418,3,1,20,4,33,3,0,7,58,0,5,55,0,8,48
gapenum2,418,3,1,20,1,11,2,0,7,58,0,5,55,0,8,48
gapenum1,419,3,1,22,3,22,2,0,7,53,0,8,48,0,7,47
gapenum2,419,3,1,22,1,7,2,0,7,53,0,8,48,0,7,47
gapenum1,420,3,1,16,4,33,3,0,6,58,0,5,54,0,5,51
gapenum2,420,3,1,16,1,11,2,0,6,58,0,5,54,0,5,51
gapenum1,421,3,1,21,3,19,2,0,9,59,0,6,54,0,6,53
gapenum2,421,3,1,21,1,7,2,0,9,59,0,6,54,0,6,53
gapenum1,422,3,1,16,5,33,3,0,4,58,0,6,45,0,6,41
gapenum2,422,3,1,16,2,12,2,0,4,58,0,6,45,0,6,41
gapenum1,423,3,1,26,3,22,2,0,8,44,0,9,42,0,9,41
gapenum2,423,3,1,26,1,7,2,0,8,44,0,9,42,0,9,41
gapenum1,424,3,1,23,3,19,2,0,9,59,0,6,53,0,8,51
gapenum2,424,3,1,23,1,7,2,0,9,59,0,6,53,0,8,51
gapenum1,425,3,1,20,3,22,2,0,6,46,0,7,45,0,7,43
gapenum2,425,3,1,20,1,7,2,0,6,46,0,7,45,0,7,43
gapenum1,426,3,1,16,3,19,2,0,6,52,0,4,49,0,6,46
gapenum2,426,3,1,16,1,7,2,0,6,52,0,4,49,0,6,46
gapenum1,427,3,1,19,4,33,3,0,7,57,0,4,55,0,8,47
gapenum2,427,3,1,19,1,11,2,0,7,57,0,4,55,0,8,47
gapenum1,428,3,1,20,3,22,2,0,7,43,0,7,42,0,6,41
gapenum2,428,3,1,20,1,7,2,0,7,43,0,7,42,0,6,41
gapenum1,429,3,1,22,4,33,3,0,9,57,0,7,54,0,6,50
gapenum2,429,3,1,22,1,11,2,0,9,57,0,7,54,0,6,50
gapenum1,430,3,1,17,4,33,3,0,7,55,0,6,54,0,4,46
gapenum2,430,3,1,17,2,12,2,0,7,55,0,6,54,0,4,46
gapenum1,431,3,1,21,4,28,3,0,9,56,0,6,46,0,6,44
gapenum2,431,3,1,21,1,11,2,0,9,56,0,6,46,0,6,44
gapenum1,432,3,1,25,4,33,3,0,9,55,0,9,50,0,7,40
gapenum2,432,3,1,25,2,12,2,0,9,55,0,9,50,0,7,40
gapenum1,433,3,1,16,5,33,3,0,4,57,0,4,43,0,8,40
gapenum2,433,3,1,16,2,12,2,0,4,57,0,4,43,0,8,40
gapenum1,434,3,1,22,3,17,2,0,4,56,0,9,56,0,9,51
gapenum2,434,3,1,22,1,6,2,0,4,56,0,9,56,0,9,51
gapenum1,435,3,1,18,5,33,3,0,7,57,0,7,49,0,4,45
gapenum2,435,3,1,18,2,12,2,0,7,57,0,7,49,0,4,45
gapenum1,436,3,1,19,4,33,3,0,7,58,0,8,53,0,4,47
gapenum2,436,3,1,19,2,12,2,0,7,58,0,8,53,0,4,47
gapenum1,437,3,1,18,4,33,3,0,8,54,0,5,53,0,5,41
gapenum2,437,3,1,18,2,12,2,0,8,54,0,5,53,0,5,41
gapenum1,438,3,1,15,4,21,2,0,4,57,0,5,57,0,6,48
gapenum2,438,3,1,15,2,9,2,0,4,57,0,5,57,0,6,48
gapenum1,439,3,1,21,3,22,2,0,9,47,0,6,45,0,6,43
gapenum2,439,3,1,21,1,7,2,0,9,47,0,6,45,0,6,43
gapenum1,440,3,1,18,3,22,2,0,6,50,0,5,48,0,7,46
gapenum2,440,3,1,18,1,7,2,0,6,50,0,5,48,0,7,46
gapenum1,441,3,1,23,3,22,2,0,9,49,0,5,48,0,9,46
gapenum2,441,3,1,23,1,7,3,0,9,49,0,5,48,0,9,46
gapenum1,442,3,1,21,3,22,2,0,5,56,0,7,50,0,9,49
gapenum2,442,3,1,21,1,7,2,0,5,56,0,7,50,0,9,49
gapenum1,443,3,1,18,4,33,3,0,5,58,0,6,57,0,7,49
gapenum2,443,3,1,18,2,12,2,0,5,58,0,6,57,0,7,49
gapenum1,444,3,1,20,3,19,2,0,5,56,0,7,55,0,8,48
gapenum2,444,3,1,20,1,7,2,0,5,56,0,7,55,0,8,48
gapenum1,445,3,1,19,5,33,3,0,7,59,0,6,50,0,6,43
gapenum2,445,3,1,19,3,16,2,0,7,59,0,6,50,0,6,43
gapenum1,446,3,1,21,3,22,2,0,9,54,0,6,53,0,6,52
gapenum2,446,3,1,21,1,7,2,0,9,54,0,6,53,0,6,52
gapenum1,447,3,1,17,4,33,3,0,6,59,0,4,55,0,7,50
gapenum2,447,3,1,17,1,11,2,0,6,59,0,4,55,0,7,50
gapenum1,448,3,1,17,5,33,3,0,9,59,0,4,50,0,4,46
gapenum2,448,3,1,17,2,12,2,0,9,59,0,4,50,0,4,46
gapenum1,449,3,1,21,3,22,2,0,6,58,0,6,55,0,9,51
gapenum2,449,3,1,21,1,7,2,0,6,58,0,6,55,0,9,51
gapenum1,450,3,1,23,4,33,3,0,9,53,0,5,46,0,9,41
gapenum2,450,3,1,23,1,11,2,0,9,53,0,5,46,0,9,41
gapenum1,451,3,1,19,5,33,3,0,7,57,0,5,51,0,7,43
gapenum2,451,3,1,19,3,16,2,0,7,57,0,5,51,0,7,43
gapenum1,452,3,1,23,5,33,3,0,7,59,0,8,48,0,8,42
gapenum2,452,3,1,23,2,12,2,0,7,59,0,8,48,0,8,42
gapenum1,453,3,1,25,4,33,3,0,9,49,0,9,46,0,7,40
gapenum2,453,3,1,25,1,11,2,0,9,49,0,9,46,0,7,40
gapenum1,454,3,1,23,3,22,2,0,8,57,0,8,53,0,7,52
gapenum2,454,3,1,23,1,7,2,0,8,57,0,8,53,0,7,52
gapenum1,455,3,1,13,5,33,3,0,4,55,0,4,47,0,5,42
gapenum2,455,3,1,13,2,12,2,0,4,55,0,4,47,0,5,42
gapenum1,456,3,1,22,4,33,3,0,9,58,0,5,55,0,8,44
gapenum2,456,3,1,22,2,12,2,0,9,58,0,5,55,0,8,44
gapenum1,457,3,1,24,4,33,3,0,9,56,0,9,50,0,6,47
gapenum2,457,3,1,24,1,11,2,0,9,56,0,9,50,0,6,47
gapenum1,458,3,1,19,3,22,2,0,5,57,0,7,55,0,7,54
gapenum2,458,3,1,19,1,7,2,0,5,57,0,7,55,0,7,54
gapenum1,459,3,1,25,5,33,3,0,9,59,0,7,49,0,9,41
gapenum2,459,3,1,25,2,12,2,0,9,59,0,7,49,0,9,41
gapenum1,460,3,1,16,3,22,2,0,4,54,0,5,52,0,7,48
gapenum2,460,3,1,16,1,7,2,0,4,54,0,5,52,0,7,48
gapenum1,461,3,1,18,5,33,3,0,7,58,0,4,53,0,7,44
gapenum2,461,3,1,18,3,16,2,0,7,58,0,4,53,0,7,44
gapenum1,462,3,1,18,4,33,3,0,7,54,0,6,49,0,5,41
gapenum2,462,3,1,18,2,12,2,0,7,54,0,6,49,0,5,41
gapenum1,463,3,1,18,4,33,3,0,5,54,0,6,48,0,7,46
gapenum2,463,3,1,18,1,11,2,0,5,54,0,6,48,0,7,46
gapenum1,464,3,1,16,4,28,3,0,6,56,0,4,49,0,6,46
gapenum2,464,3,1,16,1,11,2,0,6,56,0,4,49,0,6,46
gapenum1,465,3,1,21,4,21,2,0,8,56,0,9,56,0,4,40
gapenum2,465,3,1,21,2,9,2,0,8,56,0,9,56,0,4,40
gapenum1,466,3,1,20,3,22,2,0,8,59,0,5,54,0,7,54
gapenum2,466,3,1,20,1,7,2,0,8,59,0,5,54,0,7,54
gapenum1,467,3,1,20,4,33,2,0,5,57,0,7,50,0,8,46
gapenum2,467,3,1,20,1,11,2,0,5,57,0,7,50,0,8,46
gapenum1,468,3,1,19,4,33,3,0,6,55,0,4,47,0,9,45
gapenum2,468,3,1,19,1,11,2,0,6,55,0,4,47,0,9,45
gapenum1,469,3,1,22,4,33,3,0,6,57,0,9,54,0,7,49
gapenum2,469,3,1,22,1,11,2,0,6,57,0,9,54,0,7,49
gapenum1,470,3,1,23,3,17,2,0,7,59,0,7,59,0,9,55
gapenum2,470,3,1,23,1,6,2,0,7,59,0,7,59,0,9,55
gapenum1,471,3,1,20,4,33,3,0,6,59,0,9,54,0,5,52
gapenum2,471,3,1,20,1,11,2,0,6,59,0,9,54,0,5,52
gapenum1,472,3,1,17,3,22,2,0,5,47,0,4,43,0,8,40
gapenum2,472,3,1,17,1,7,2,0,5,47,0,4,43,0,8,40
gapenum1,473,3,1,17,3,22,2,0,7,56,0,4,52,0,6,51
gapenum2,473,3,1,17,1,7,2,0,7,56,0,4,52,0,6,51
gapenum1,474,3,1,21,4,21,2,0,4,57,0,8,57,0,9,41
gapenum2,474,3,1,21,2,9,2,0,4,57,0,8,57,0,9,41
gapenum1,475,3,1,17,5,33,3,0,6,54,0,4,48,0,7,40
gapenum2,475,3,1,17,3,16,2,0,6,54,0,4,48,0,7,40
gapenum1,476,3,1,20,4,33,2,0,7,49,0,8,41,0,5,40
gapenum2,476,3,1,20,1,11,2,0,7,49,0,8,41,0,5,40
gapenum1,477,3,1,23,3,22,2,0,7,58,0,8,56,0,8,54
gapenum2,477,3,1,23,1,7,2,0,7,58,0,8,56,0,8,54
gapenum1,478,3,1,15,4,33,3,0,7,53,0,4,51,0,4,47
gapenum2,478,3,1,15,1,11,2,0,7,53,0,4,51,0,4,47
gapenum1,479,3,1,21,4,33,3,0,9,53,0,4,47,0,8,43
gapenum2,479,3,1,21,1,11,2,0,9,53,0,4,47,0,8,43
gapenum1,480,3,1,15,4,33,3,0,5,51,0,6,46,0,4,41
gapenum2,480,3,1,15,2,12,2,0,5,51,0,6,46,0,4,41
gapenum1,481,3,1,21,3,17,2,0,5,54,0,8,54,0,8,50
gapenum2,481,3,1,21,1,6,2,0,5,54,0,8,54,0,8,50
gapenum1,482,3,1,19,4,33,3,0,5,55,0,6,49,0,8,42
gapenum2,482,3,1,19,1,11,2,0,5,55,0,6,49,0,8,42
gapenum1,483,3,1,22,3,19,2,0,7,51,0,8,49,0,7,44
gapenum2,483,3,1,22,1,7,2,0,7,51,0,8,49,0,7,44
gapenum1,484,3,1,19,4,33,3,0,6,51,0,8,48,0,5,43
gapenum2,484,3,1,19,1,11,2,0,6,51,0,8,48,0,5,43
gapenum1,485,3,1,17,4,33,15,0,6,59,0,6,58,0,5,47
gapenum2,485,3,1,17,2,12,2,0,6,59,0,6,58,0,5,47
gapenum1,486,3,1,16,4,33,2,0,4,55,0,7,48,0,5,47
gapenum2,486,3,1,16,1,11,2,0,4,55,0,7,48,0,5,47
gapenum1,487,3,1,21,4,33,2,0,4,57,0,9,55,0,8,48
gapenum2,487,3,1,21,1,11,2,0,4,57,0,9,55,0,8,48
gapenum1,488,3,1,20,3,17,2,0,5,59,0,7,59,0,8,54
gapenum2,488,3,1,20,1,6,2,0,5,59,0,7,59,0,8,54
gapenum1,489,3,1,23,4,33,2,0,5,58,0,9,52,0,9,44
gapenum2,489,3,1,23,1,11,2,0,5,58,0,9,52,0,9,44
gapenum1,490,3,1,19,3,19,2,0,6,50,0,8,46,0,5,45
gapenum2,490,3,1,19,1,7,2,0,6,50,0,8,46,0,5,45
gapenum1,491,3,1,14,5,33,3,0,4,57,0,6,50,0,4,45
gapenum2,491,3,1,14,3,16,2,0,4,57,0,6,50,0,4,45
gapenum1,492,3,1,23,4,33,2,0,8,58,0,8,52,0,7,44
gapenum2,492,3,1,23,2,12,2,0,8,58,0,8,52,0,7,44
gapenum1,493,3,1,21,3,22,2,0,7,57,0,5,51,0,9,49
gapenum2,493,3,1,21,1,7,2,0,7,57,0,5,51,0,9,49
gapenum1,494,3,1,17,3,22,2,0,6,45,0,5,43,0,6,40
gapenum2,494,3,1,17,1,7,2,0,6,45,0,5,43,0,6,40
gapenum1,495,3,1,17,4,33,2,0,5,55,0,8,52,0,4,41
gapenum2,495,3,1,17,2,12,2,0,5,55,0,8,52,0,4,41
gapenum1,496,3,1,24,4,33,2,0,6,56,0,9,48,0,9,43
gapenum2,496,3,1,24,1,11,2,0,6,56,0,9,48,0,9,43
gapenum1,497,3,1,17,5,33,3,0,4,58,0,8,49,0,5,44
gapenum2,497,3,1,17,2,12,2,0,4,58,0,8,49,0,5,44
gapenum1,498,3,1,21,4,33,2,0,9,53,0,8,49,0,4,42
gapenum2,498,3,1,21,2,12,2,0,9,53,0,8,49,0,4,42
gapenum1,499,3,1,17,3,17,2,0,4,47,0,5,47,0,8,42
gapenum2,499,3,1,17,1,6,2,0,4,47,0,5,47,0,8,42
gapenum1,500,3,1,23,4,21,2,0,8,58,0,9,58,0,6,49
gapenum2,500,3,1,23,2,9,2,0,8,58,0,9,58,0,6,49
